<?xml version="1.0" encoding="UTF-8"?>
<project-private xmlns="http://www.netbeans.org/ns/project-private/1">
    <editor-bookmarks xmlns="http://www.netbeans.org/ns/editor-bookmarks/2" lastBookmarkId="0"/>
    <open-files xmlns="http://www.netbeans.org/ns/projectui-open-files/2">
        <group>
            <file>file:/C:/Users/Shreya%20Rupesh/OneDrive%20-%20The%20Pennsylvania%20State%20University/Documents/NetBeansProjects/CourseSchedulerShreyaRupeshsmr7071/src/SemesterQueries.java</file>
            <file>file:/C:/Users/Shreya%20Rupesh/OneDrive%20-%20The%20Pennsylvania%20State%20University/Documents/NetBeansProjects/CourseSchedulerShreyaRupeshsmr7071/src/DBConnection.java</file>
            <file>file:/C:/Users/Shreya%20Rupesh/OneDrive%20-%20The%20Pennsylvania%20State%20University/Documents/NetBeansProjects/CourseSchedulerShreyaRupeshsmr7071/src/MainFrame.java</file>
        </group>
    </open-files>
</project-private>
